City_ID,City,Lat,Lng,Max Temp,Humidity,Cloudiness,Wind Speed,Country,Date
0,katsuren-haebaru,26.3369,127.8719,79.09,95,20,6.91,JP,1731184160
1,port mathurin,-19.6833,63.4167,75.72,88,35,16.17,MU,1731184162
2,adamstown,-25.066,-130.1015,73.29,87,99,19.86,PN,1731184164
3,geretsried,47.8578,11.4805,40.28,94,81,0.92,DE,1731184166
4,blackmans bay,-43.0167,147.3167,51.93,73,88,1.99,AU,1731184168
5,anadyr,64.75,177.4833,21.7,92,75,4.47,RU,1731184170
6,guerrero negro,27.9769,-114.0611,74.93,24,0,7.18,MX,1731183893
7,kodiak,57.79,-152.4072,40.51,81,100,19.57,US,1731184174
8,bethel,41.3712,-73.414,53.06,31,0,4.0,US,1731184176
9,uturoa,-16.7333,-151.4333,80.38,81,96,11.27,PF,1731184178
10,tabuk,17.4189,121.4443,72.9,94,45,3.0,PH,1731184180
11,port-aux-francais,-49.35,70.2167,41.22,92,80,23.13,TF,1731184182
12,tommot,58.9564,126.2925,6.98,98,100,2.28,RU,1731184184
13,perelyub,51.8667,50.3667,34.84,91,4,16.62,RU,1731184186
14,la ronge,55.1001,-105.2842,44.85,53,75,12.66,CA,1731184188
15,tiksi,71.6872,128.8694,8.64,91,100,8.99,RU,1731184190
16,ambovombe,-25.1667,46.0833,73.62,84,52,1.81,MG,1731184192
17,wailua homesteads,22.0669,-159.378,79.59,83,40,13.8,US,1731184194
18,puerto deseado,-47.7503,-65.8938,67.48,15,34,38.52,AR,1731184196
19,stanley,54.868,-1.6985,45.28,95,75,1.14,GB,1731184198
20,longyearbyen,78.2186,15.6401,24.64,74,75,14.97,SJ,1731184200
21,constitucion,-35.3333,-72.4167,62.28,75,99,14.45,CL,1731184202
22,barclayville,4.6797,-8.2339,77.43,89,80,5.97,LR,1731184205
23,caxito,-8.5785,13.6643,76.1,93,100,3.18,AO,1731184207
24,puerto natales,-51.7236,-72.4875,54.05,50,75,23.02,CL,1731184209
25,choma,-16.8065,26.9531,71.22,49,1,4.32,ZM,1731184211
26,qaqortoq,60.7167,-46.0333,32.41,99,100,5.37,GL,1731184213
27,coquimbo,-29.9533,-71.3436,63.99,63,75,9.22,CL,1731184215
28,bredasdorp,-34.5322,20.0403,60.78,85,42,11.16,ZA,1731184217
29,pisco,-13.7,-76.2167,71.65,60,0,10.36,PE,1731184219
30,edinburgh of the seven seas,-37.0676,-12.3116,58.1,91,100,12.46,SH,1731184221
31,castillos,-34.1667,-53.8333,64.47,66,0,8.21,UY,1731184223
32,namtsy,62.7161,129.6658,3.11,97,100,2.55,RU,1731184225
33,campo formoso,-10.5075,-40.3214,85.12,42,99,8.14,BR,1731184227
34,lerwick,60.1545,-1.1494,49.44,78,100,18.19,GB,1731184229
35,chonchi,-42.6128,-73.8092,55.02,50,26,7.27,CL,1731184231
36,paracuru,-3.41,-39.0306,78.57,79,9,12.17,BR,1731184233
37,waitangi,-43.9535,-176.5597,59.83,93,98,5.99,NZ,1731184235
38,puerto ayora,-0.7393,-90.3518,73.54,83,27,8.99,EC,1731184237
39,inhambupe,-11.7844,-38.3531,79.97,67,100,14.23,BR,1731184239
40,college,64.8569,-147.8028,13.06,85,75,0.0,US,1731183960
41,kavaratti,10.5669,72.642,82.47,71,6,1.3,IN,1731184243
42,papatowai,-46.5619,169.4708,54.86,55,98,1.03,NZ,1731184245
43,gizo,-8.103,156.8419,82.74,74,85,6.55,SB,1731184247
44,soio,-6.1349,12.3689,77.58,87,100,3.22,AO,1731184249
45,petropavlovsk-kamchatsky,53.0452,158.6483,14.59,67,75,8.95,RU,1731184209
46,tura,25.5198,90.2201,66.34,83,0,3.91,IN,1731184253
47,ushuaia,-54.8,-68.3,44.26,87,75,9.22,AR,1731184255
48,santo antonio do ica,-3.1022,-67.9397,83.59,75,78,3.67,BR,1731184257
49,hawaiian paradise park,19.5933,-154.9731,78.87,80,75,11.5,US,1731184259
50,vila franca do campo,37.7167,-25.4333,68.41,99,97,7.05,PT,1731184261
51,happy valley-goose bay,53.3168,-60.3315,32.31,51,40,8.05,CA,1731184263
52,iqaluit,63.7506,-68.5145,15.53,72,75,11.5,CA,1731184265
53,grytviken,-54.2811,-36.5092,25.86,72,10,9.86,GS,1731184267
54,mariehamn,60.0973,19.9348,37.26,100,100,1.14,AX,1731184269
55,khagrachhari,23.1,91.9667,65.61,95,0,1.43,BD,1731184271
56,balqash,46.8481,74.995,30.04,89,100,15.95,KZ,1731184273
57,badger,64.8,-147.5333,16.36,86,0,0.0,US,1731184275
58,port lincoln,-34.7333,135.8667,59.38,74,56,13.62,AU,1731184277
59,bereznik,62.8551,42.7072,36.63,84,100,14.99,RU,1731184279
60,lucas,41.6501,-83.6666,54.09,54,0,6.91,US,1731184283
61,alaghsas,17.0187,8.0168,73.02,21,45,17.09,NE,1731184285
62,hamilton,39.1834,-84.5333,62.82,50,0,10.36,US,1731184276
63,isafjordur,66.0755,-23.124,40.21,93,100,6.17,IS,1731184288
64,al hufuf,25.3646,49.5653,71.94,49,0,3.44,SA,1731184290
65,nar'yan-mar,67.6713,53.087,24.35,79,96,11.99,RU,1731184292
66,okha,53.5739,142.9478,24.19,83,100,6.02,RU,1731184294
67,as sulayyil,20.4607,45.5779,70.54,35,1,8.25,SA,1731184296
68,mesyagutovo,55.5303,58.2528,33.53,97,100,17.87,RU,1731184298
69,georgetown,5.4112,100.3354,80.53,78,20,5.75,MY,1731184300
70,polva,58.0603,27.0694,44.33,86,100,3.76,EE,1731184302
71,yellowknife,62.456,-114.3525,8.42,91,75,6.91,CA,1731184304
72,nouadhibou,20.931,-17.0347,82.38,23,100,12.66,MR,1731184305
73,thompson,55.7435,-97.8558,48.36,46,20,16.11,CA,1731184307
74,sremski karlovci,45.2025,19.9344,44.24,37,84,3.67,RS,1731184309
75,vilyuchinsk,52.9306,158.4028,16.07,79,31,7.0,RU,1731184311
76,naliya,23.2667,68.8333,78.98,64,0,5.64,IN,1731184313
77,aruppukkottai,9.5167,78.1,75.18,83,100,8.48,IN,1731184315
78,colonia,50.9333,6.95,49.96,87,100,4.61,DE,1731184317
79,rongelap,11.1635,166.8941,82.72,80,62,19.84,MH,1731184319
80,kasama,-10.2129,31.1808,71.28,49,70,5.03,ZM,1731184320
81,napier,-39.4833,176.9167,66.27,62,100,1.99,NZ,1731184290
82,yeniseysk,58.4497,92.1703,22.14,72,97,7.27,RU,1731184324
83,nova sintra,14.8667,-24.7167,80.02,76,69,10.31,CV,1731184326
84,orivesi,61.6777,24.3572,37.74,4,6,1.01,FI,1731184328
85,dalandzadgad,43.5708,104.425,38.89,34,35,6.06,MN,1731184330
86,ilulissat,69.2167,-51.1,23.02,80,75,10.36,GL,1731184332
87,margaret river,-33.95,115.0667,47.21,89,8,6.44,AU,1731184334
88,dudinka,69.4058,86.1778,1.36,91,76,8.28,RU,1731184336
89,saint-pierre,-21.3393,55.4781,74.88,73,20,3.44,RE,1731184338
90,klyuchi,52.2667,79.1667,26.4,61,100,22.15,RU,1731184340
91,buala,-8.145,159.5921,81.99,80,100,7.38,SB,1731184342
92,kavali,14.9167,79.9833,77.95,77,41,6.91,IN,1731184344
93,kingston,17.997,-76.7936,83.35,84,75,6.91,JM,1731184302
94,palos de la frontera,37.2346,-6.8947,64.29,77,100,4.0,ES,1731184348
95,grand falls-windsor,48.9332,-55.6649,32.97,79,97,18.52,CA,1731184350
96,iquitos,-3.7481,-73.2472,84.24,74,75,3.44,PE,1731184352
97,kovalam,8.3667,76.9967,80.69,94,40,2.3,IN,1731184354
98,loei,17.4167,101.5,64.08,88,1,0.67,TH,1731184356
99,temiskaming shores,47.4938,-79.7153,42.6,45,0,8.16,CA,1731184360
100,belmonte,-15.8631,-38.8828,78.03,86,37,11.72,BR,1731184362
101,wildwood,38.5828,-90.6629,53.4,86,100,6.91,US,1731184364
102,mossel bay,-34.1831,22.146,63.21,82,82,15.14,ZA,1731184366
103,greymouth,-42.4667,171.2,58.6,79,37,2.75,NZ,1731184368
104,ringim,12.1548,9.1619,73.47,22,72,8.61,NG,1731184370
105,enewetak,11.3474,162.3373,83.14,78,26,14.32,MH,1731184372
106,olonkinbyen,70.9221,-8.7187,33.87,99,100,14.99,SJ,1731184374
107,nuuk,64.1835,-51.7216,29.01,93,100,13.8,GL,1731184376
108,tiznit,29.5833,-9.5,76.57,20,77,3.53,MA,1731184378
109,queenstown,-31.8976,26.8753,56.89,87,100,4.74,ZA,1731184380
110,keflavik,64.0049,-22.5624,46.83,100,100,9.22,IS,1731184382
111,albany,42.6001,-73.9662,48.61,42,0,5.01,US,1731184384
112,punta arenas,-53.15,-70.9167,44.71,81,75,11.5,CL,1731184118
113,atafu village,-8.5421,-172.5159,82.38,71,60,5.95,TK,1731184388
114,tianchang,37.9981,114.0156,53.2,70,99,1.59,CN,1731184390
115,bandon,51.7469,-8.7425,54.99,94,99,5.66,IE,1731184392
116,fort bragg,35.139,-79.006,69.35,42,0,11.5,US,1731184266
117,polyarnyy,69.1989,33.4478,36.55,78,98,24.2,RU,1731184395
118,ginir,7.1333,40.7,58.86,67,28,3.29,ET,1731184397
119,utrik,11.2278,169.8474,83.21,80,84,22.1,MH,1731184399
120,hithadhoo,-0.6,73.0833,83.16,70,84,12.75,MV,1731184401
121,west bay,19.3667,-81.4167,84.27,70,40,11.5,KY,1731184404
122,harstad,68.799,16.5293,38.16,89,41,8.99,NO,1731184406
123,tyuratam,45.6507,63.3156,34.81,84,10,11.12,KZ,1731184407
124,kampong thom,12.7111,104.8887,73.54,92,79,2.68,KH,1731184412
125,lagoa,39.05,-27.9833,67.86,86,100,4.56,PT,1731184413
126,berezivka,47.2043,30.9078,41.58,78,62,8.97,UA,1731184415
127,chimore,-16.9833,-65.1333,90.93,46,50,1.88,BO,1731184418
128,nogliki,51.8333,143.1667,27.84,74,75,8.79,RU,1731184419
129,la'ie,21.6477,-157.9253,78.12,75,30,7.0,US,1731184421
130,glace bay,46.1969,-59.957,38.98,80,99,18.99,CA,1731184423
131,palmer,42.1584,-72.3287,51.55,21,0,16.11,US,1731184425
132,santa terezinha,-29.9002,-50.0904,67.86,61,1,7.65,BR,1731184427
133,konduga,11.6558,13.4213,73.8,29,96,7.7,NG,1731184428
134,ust-nera,64.5667,143.2,-10.82,98,100,2.57,RU,1731184430
135,tazovsky,67.4667,78.7,18.0,94,100,21.5,RU,1731184432
136,nuku'alofa,-21.1333,-175.2,77.34,83,40,13.8,TO,1731184434
137,mizque,-17.941,-65.3402,75.34,49,83,12.93,BO,1731184436
138,ndola,-12.9587,28.6366,67.12,63,26,3.4,ZM,1731184215
139,olyokminsk,60.3736,120.4264,4.01,97,75,3.76,RU,1731184440
140,severo-yeniseyskiy,60.3725,93.0408,13.71,85,100,13.0,RU,1731184442
141,murray bridge,-35.1167,139.2667,52.83,80,100,4.16,AU,1731184444
142,avarua,-21.2078,-159.775,73.45,60,100,8.05,CK,1731184445
143,carutapera,-1.195,-46.02,79.79,78,56,9.82,BR,1731184447
144,srandakan,-7.9386,110.2506,78.15,88,100,2.93,ID,1731184449
145,yuzhno-kurilsk,44.0306,145.8556,39.25,80,18,1.48,RU,1731184451
146,iskateley,67.6803,53.1512,24.78,78,98,12.73,RU,1731184453
147,lebu,-37.6167,-73.65,57.0,74,100,7.61,CL,1731184455
148,tumayr,25.7039,45.868,67.37,38,2,7.63,SA,1731184457
149,china,25.7,-99.2333,74.25,61,100,10.76,MX,1731184459
150,at taraf,25.3628,49.725,72.14,56,3,7.0,SA,1731184461
151,taroa,8.7058,171.2275,83.26,77,98,24.79,MH,1731184466
152,tual,-5.6667,132.75,82.22,77,68,11.65,ID,1731184468
153,onguday,50.75,86.15,21.38,58,89,5.57,RU,1731184470
154,taulaga,-11.0553,-171.0883,82.31,72,12,3.51,AS,1731184472
155,bucerias,20.75,-105.3333,84.97,74,40,11.5,MX,1731184473
156,al kharijah,25.4514,30.5464,66.33,44,0,8.68,EG,1731184475
157,port elizabeth,-33.918,25.5701,60.31,93,57,6.26,ZA,1731184477
158,dakhla,23.6848,-15.958,75.22,53,97,6.91,EH,1731184479
159,talnakh,69.4865,88.3972,-3.46,96,50,5.68,RU,1731184481
160,yaren,-0.5472,166.916,82.09,66,7,10.71,NR,1731184483
161,las terrenas,19.311,-69.5428,85.87,79,40,6.91,DO,1731184485
162,vilyuysk,63.7553,121.6247,16.05,95,99,6.31,RU,1731184487
163,melendugno,40.2747,18.3368,55.06,93,0,2.3,IT,1731184489
164,ciudad lazaro cardenas,17.9583,-102.2,85.05,64,44,8.57,MX,1731184491
165,grammichele,37.2123,14.6397,56.59,85,99,3.4,IT,1731184493
166,tazacorte,28.629,-17.9293,70.77,83,20,4.61,ES,1731184495
167,igarka,67.4667,86.5833,11.98,88,100,14.79,RU,1731184497
168,isangel,-19.55,169.2667,76.82,62,1,8.84,VU,1731184499
169,kerikeri,-35.2268,173.9474,66.9,92,82,1.01,NZ,1731184501
170,kalmunai,7.4167,81.8167,76.66,89,96,10.85,LK,1731184503
171,kayangel,8.0823,134.7173,84.02,74,58,7.87,PW,1731184505
172,yarrawonga,-36.0167,146.0,58.41,32,63,4.27,AU,1731184507
173,ndjole,-0.1783,10.7649,74.16,98,100,1.23,GA,1731184509
174,ulanhot,46.0833,122.0833,44.55,51,100,19.73,CN,1731184511
175,lihue,21.9789,-159.3672,80.19,80,40,13.8,US,1731184513
176,laguna,38.421,-121.4238,69.22,32,0,1.01,US,1731184515
177,flying fish cove,-10.4217,105.6791,78.48,94,100,10.36,CX,1731184517
178,sydney mines,46.2367,-60.2177,39.0,76,75,24.16,CA,1731184519
179,alnwick,55.4132,-1.7056,47.68,87,100,3.44,GB,1731184521
180,dhuusamarreeb,5.535,46.3861,79.21,67,37,14.88,SO,1731184523
181,ferkessedougou,9.6,-5.2,79.27,44,93,1.63,CI,1731184527
182,west island,-12.1568,96.8225,78.78,83,40,14.97,CC,1731184529
183,lompoc,34.6391,-120.4579,72.14,33,0,12.66,US,1731184393
184,las tablas,7.7667,-80.2833,79.18,99,100,1.81,PA,1731184533
185,san antonio de pale,-1.4014,5.6325,79.29,82,63,14.38,GQ,1731184538
186,ta`u,-14.2336,-169.5144,80.6,82,87,19.8,AS,1731184540
187,bassar,9.25,0.7833,77.77,41,100,3.51,TG,1731184542
188,acapulco de juarez,16.8634,-99.8901,85.82,79,20,4.61,MX,1731184264
189,christchurch,-43.5333,172.6333,60.42,72,75,14.97,NZ,1731184546
190,bilibino,68.0546,166.4372,-8.48,98,99,0.89,RU,1731184547
191,ad dilam,23.9915,47.1627,71.15,38,2,5.75,SA,1731184549
192,nagqu,31.5,92.0,26.13,47,0,2.04,CN,1731184551
193,forster,-32.1667,152.5167,67.69,81,100,5.86,AU,1731184553
194,usogorsk,63.4106,48.6872,28.29,87,94,10.13,RU,1731184555
195,constantia,44.1833,28.65,41.7,86,87,16.98,RO,1731184557
196,lensk,60.7253,114.9278,19.09,92,100,9.8,RU,1731184559
197,egilsstadir,65.2653,-14.3948,51.71,66,0,14.97,IS,1731184561
198,nguigmi,14.2495,13.1092,75.24,22,57,10.45,NE,1731184562
199,novo aripuana,-5.1206,-60.3797,85.64,59,100,3.58,BR,1731184564
200,zyrya,40.3661,50.2917,53.69,71,41,9.73,AZ,1731184566
201,fallon,39.4735,-118.7774,56.1,36,0,3.44,US,1731184568
202,kiunga,-6.1219,141.2906,71.55,98,100,0.78,PG,1731184570
203,fort st. john,56.2499,-120.8529,37.29,56,20,5.75,CA,1731184572
204,uusikaupunki,60.8004,21.4084,41.07,93,62,4.52,FI,1731184574
205,island harbour,50.724,-1.2758,48.0,66,96,4.56,GB,1731184576
206,emerald,-23.5333,148.1667,75.34,74,61,15.88,AU,1731184578
207,labrador city,52.9463,-66.9114,22.91,63,75,8.05,CA,1731184580
208,oyama,36.3,139.8,52.92,56,85,3.83,JP,1731184582
209,jamestown,42.097,-79.2353,49.64,40,0,6.91,US,1731184584
210,jurm,36.8648,70.8342,42.15,98,100,1.16,AF,1731184586
211,mount gambier,-37.8333,140.7667,52.65,81,8,2.08,AU,1731184589
212,valparaiso,-33.0393,-71.6273,70.47,52,11,13.58,CL,1731184591
213,tqvarch'eli,42.8404,41.6801,46.26,59,0,6.44,GE,1731184593
214,afaahiti,-17.75,-149.2833,76.64,88,93,13.65,PF,1731184595
215,holualoa,19.6228,-155.9522,78.84,85,40,6.91,US,1731184597
216,qarazhal,48.0078,70.7903,25.84,87,100,23.09,KZ,1731184599
217,ayr,55.4627,-4.6339,44.58,81,75,8.05,GB,1731184601
218,st. thomas,42.7736,-81.1804,49.23,53,100,8.5,CA,1731184603
219,kristiansund,63.1115,7.732,47.12,93,100,2.3,NO,1731184605
220,den burg,53.0542,4.7972,44.58,100,75,9.22,NL,1731184607
221,gadzhiyevo,69.2551,33.3362,36.72,78,98,23.8,RU,1731184609
222,hargeysa,9.56,44.065,65.98,78,0,8.12,SO,1731184611
223,kainantu,-6.2887,145.8655,62.19,92,58,1.45,PG,1731184613
224,pandan,14.0453,124.1694,79.99,88,100,12.26,PH,1731184615
225,viedma,-40.8135,-62.9967,82.9,19,99,14.41,AR,1731184616
226,karratha,-20.7377,116.8463,81.16,28,77,9.01,AU,1731184618
227,cabo san lucas,22.8909,-109.9124,81.75,49,0,9.22,MX,1731184572
228,narasapur,16.45,81.6667,75.22,84,5,6.24,IN,1731184624
229,st. john's,47.5649,-52.7093,41.97,90,75,14.97,CA,1731184626
230,nizhniy odes,63.6445,54.856,23.54,85,61,11.1,RU,1731184628
231,anapa,44.8908,37.3239,41.34,87,86,4.47,RU,1731184630
232,mandiana,10.6333,-8.6833,78.55,43,4,2.35,GN,1731184632
233,san clemente del tuyu,-36.3569,-56.7235,66.45,75,14,14.14,AR,1731184634
234,vangaindrano,-23.35,47.6,73.76,85,63,7.83,MG,1731184636
235,malangawa,26.8568,85.5581,71.06,68,0,3.31,NP,1731184638
236,tsengel,49.4783,100.8894,18.79,45,97,0.87,MN,1731184644
237,san patricio,28.017,-97.5169,85.95,44,0,8.59,US,1731184646
238,aasiaat,68.7098,-52.8699,19.15,84,100,5.26,GL,1731184648
239,nagram,26.6167,81.1333,69.85,54,0,2.64,IN,1731184650
240,ixtapa,20.7,-105.2,84.22,74,40,11.5,MX,1731184652
241,bonthe,7.5264,-12.505,79.66,82,47,4.99,SL,1731184654
242,swift current,50.2834,-107.8014,49.01,61,0,6.91,CA,1731184656
243,fernley,39.608,-119.2518,61.21,19,74,2.86,US,1731184658
244,port-vila,-17.7338,168.3219,76.6,83,20,2.3,VU,1731184660
245,qingyuan,23.7,113.0333,71.08,55,97,5.35,CN,1731184662
246,kapit,2.0167,112.9333,73.87,100,100,0.83,MY,1731184664
247,fortuna,40.5982,-124.1573,59.94,56,0,0.0,US,1731184666
248,brookings,44.3114,-96.7984,47.12,97,100,13.8,US,1731184668
249,kot radha kishan,31.1725,74.0997,70.74,41,0,6.08,PK,1731184670
250,alofi,-19.0595,-169.9187,78.69,65,20,17.27,NU,1731184672
251,tanout,14.9709,8.8879,72.16,20,10,11.74,NE,1731184674
252,thunder bay,48.4001,-89.3168,49.98,62,75,8.05,CA,1731184676
253,tegueste,28.5167,-16.3167,76.35,32,0,4.0,ES,1731184677
254,tolanaro,-25.0319,46.9987,77.07,83,20,21.85,MG,1731184679
255,saryaghash,41.45,69.1667,39.13,60,0,4.21,KZ,1731184681
256,manokwari,-0.8667,134.0833,78.26,83,83,3.27,ID,1731184683
257,invercargill,-46.4,168.35,53.02,80,100,3.0,NZ,1731184685
258,muravlenko,63.7898,74.523,23.45,96,100,10.13,RU,1731184687
259,cockburn town,21.4612,-71.1419,84.16,84,40,5.75,TC,1731184689
260,revda,56.801,59.9303,33.51,96,100,13.56,RU,1731184693
261,san luis de la loma,17.2706,-100.8939,85.12,68,96,7.02,MX,1731184695
262,hasaki,35.7333,140.8333,63.54,65,100,13.91,JP,1731184697
263,pont rouge,48.8833,-72.0825,33.91,46,17,4.03,CA,1731184698
264,alice springs,-23.7,133.8833,69.35,68,20,8.05,AU,1731184703
265,gaitania,3.0906,-75.6723,64.78,83,99,4.12,CO,1731184705
266,isabela,6.7085,121.9711,79.09,88,64,0.98,PH,1731184707
267,gamba,-2.65,10.0,74.03,94,100,4.14,GA,1731184709
268,vorgashor,67.5833,63.95,11.64,88,76,16.62,RU,1731184711
269,alesund,62.4723,6.1549,47.75,93,75,8.05,NO,1731184713
270,weno,7.4515,151.8468,82.35,83,100,4.61,FM,1731184715
271,chernyshevskiy,63.0128,112.4714,13.73,91,100,10.27,RU,1731184717
272,udachny,66.4167,112.4,7.18,90,100,9.71,RU,1731184719
273,newman,37.3138,-121.0208,68.05,37,90,1.99,US,1731184720
274,ingolstadt,48.7667,11.4333,41.34,84,100,2.3,DE,1731184722
275,whitehorse,60.7161,-135.0538,30.97,86,75,12.66,CA,1731184724
276,zdar nad sazavou,49.5626,15.9392,39.81,60,1,2.21,CZ,1731184726
277,ed damer,17.5928,33.9592,88.18,31,94,9.75,SD,1731184728
278,port alfred,-33.5906,26.891,58.17,94,30,5.17,ZA,1731184730
279,kapuskasing,49.4169,-82.4331,46.49,49,20,19.57,CA,1731184732
280,antalaha,-14.9003,50.2788,71.85,80,4,6.04,MG,1731184734
281,machico,32.7,-16.7667,77.0,68,40,9.22,PT,1731184736
282,rehoboth,-23.3167,17.0833,70.57,40,16,9.8,NA,1731184738
283,walvis bay,-22.9575,14.5053,59.95,82,8,6.91,NA,1731184740
284,truro,50.2653,-5.0544,55.81,95,75,8.05,GB,1731184742
285,champoton,19.35,-90.7167,82.09,72,70,8.52,MX,1731184747
286,buka,40.8108,69.1986,45.48,63,39,3.33,UZ,1731184748
287,mukalla,14.5425,49.1242,78.93,65,14,3.85,YE,1731184750
288,sabang,5.8933,95.3214,81.72,74,100,7.36,ID,1731184753
289,hamza,40.4264,71.4956,40.95,68,0,0.83,UZ,1731184755
290,ribeira grande,38.5167,-28.7,70.2,94,40,5.99,PT,1731184757
291,luanco,43.6152,-5.7934,60.28,90,98,1.99,ES,1731184759
292,stiens,53.2623,5.7577,44.98,85,100,8.05,NL,1731184761
293,haiku-pauwela,20.9219,-156.3051,80.17,76,20,27.0,US,1731184763
294,hadibu,12.65,54.0333,77.97,80,70,7.27,YE,1731184764
295,ambalangoda,6.2355,80.0538,76.21,90,61,8.77,LK,1731184767
296,chaoyang,41.5703,120.4586,52.29,68,99,5.82,CN,1731184769
297,kegalle,7.2532,80.3454,71.51,93,100,3.47,LK,1731184770
298,talara,-4.5772,-81.2719,75.96,64,0,13.8,PE,1731184772
299,troitsko-pechorsk,62.7084,56.1964,24.64,79,96,11.86,RU,1731184774
300,saipan,15.1355,145.701,81.64,87,40,11.5,MP,1731184776
301,krasnyy yar,46.5331,48.3456,45.1,85,85,5.32,RU,1731184778
302,inarajan village,13.2736,144.7484,80.4,92,97,15.37,GU,1731184780
303,santana,-0.0583,-51.1817,91.58,52,20,11.5,BR,1731184782
304,alpine,32.835,-116.7664,77.14,14,0,4.61,US,1731184784
305,hailar,49.2,119.7,26.92,68,58,16.2,CN,1731184786
306,sukhothai,17.25,99.6667,70.93,87,3,3.22,TH,1731184788
307,kapa'a,22.0752,-159.319,80.92,81,40,13.8,US,1731184790
308,sangaria,29.8,74.45,71.69,43,0,5.21,IN,1731184792
309,sitka,57.0531,-135.33,44.49,76,75,10.36,US,1731184794
310,chibougamau,49.9168,-74.3659,31.62,69,100,8.05,CA,1731184796
311,saint-philippe,-21.3585,55.7679,74.8,88,42,9.6,RE,1731184798
312,kyshtovka,56.555,76.6271,25.41,92,100,20.07,RU,1731184800
313,margate,51.3813,1.3862,46.69,87,100,5.64,GB,1731184802
314,ankang,32.68,109.0172,58.89,75,98,1.54,CN,1731184804
315,mil'kovo,55.6078,37.7956,45.34,54,100,10.11,RU,1731184806
316,salalah,17.0151,54.0924,78.89,73,75,5.75,OM,1731184808
317,mount darwin,-16.7725,31.5838,76.62,45,55,6.69,ZW,1731184810
318,chadan,51.2833,91.5833,21.81,46,99,3.29,RU,1731184812
319,khandyga,62.6667,135.6,2.64,98,99,1.83,RU,1731184814
320,worland,44.0169,-107.9554,51.89,46,0,0.0,US,1731184816
321,sao joao da barra,-21.6403,-41.0511,73.49,88,100,16.6,BR,1731184818
322,wellington,-41.2866,174.7756,58.66,85,100,10.36,NZ,1731184789
323,kiiminki,65.1314,25.7974,32.72,73,95,3.2,FI,1731184822
324,hermanus,-34.4187,19.2345,61.81,82,37,14.07,ZA,1731184823
325,miles city,46.4083,-105.8406,56.37,38,0,5.75,US,1731184826
326,arar,30.9753,41.0381,57.22,67,40,4.61,SA,1731184828
327,luderitz,-26.6481,15.1594,58.93,87,62,8.03,NA,1731184829
328,khmilnyk,49.5598,27.9575,35.4,83,7,3.58,UA,1731184832
329,cannonvale,-20.2833,148.7,78.19,76,71,7.9,AU,1731184836
330,kupang,-10.1667,123.5833,81.18,74,20,6.91,ID,1731184837
331,pudozh,61.8099,36.5345,34.56,82,9,7.56,RU,1731184839
332,badiyah,22.45,58.8,73.04,67,0,3.06,OM,1731184841
333,djambala,-2.5447,14.7533,66.04,97,100,1.7,CG,1731184843
334,noosa heads,-26.3833,153.15,73.89,86,94,1.88,AU,1731184846
335,pacific grove,36.6177,-121.9166,69.37,68,0,10.0,US,1731184848
336,kirakira,-10.4544,161.9205,82.42,82,67,6.96,SB,1731184849
337,dryden,49.7833,-92.7503,52.09,46,0,14.97,CA,1731184851
338,altai,46.3722,96.2583,26.89,53,67,12.66,MN,1731184853
339,ati,13.2154,18.3353,79.81,17,77,10.45,TD,1731184856
340,suksun,57.1431,57.3949,34.48,99,100,13.82,RU,1731184858
341,mount pearl,47.5166,-52.7813,41.14,91,75,14.97,CA,1731184859
342,devils lake,48.1128,-98.8651,56.95,67,0,11.5,US,1731184861
343,thinadhoo,0.5333,72.9333,82.53,71,83,11.92,MV,1731184863
344,robertsport,6.7533,-11.3686,81.43,78,100,9.04,LR,1731184865
345,squamish,49.7014,-123.1512,50.85,96,100,3.0,CA,1731184867
346,disina,11.4814,9.919,74.1,24,100,7.9,NG,1731184869
347,coyhaique,-45.5752,-72.0662,46.9,81,24,10.36,CL,1731184871
348,el bauga,18.262,33.9081,84.02,33,0,12.35,SD,1731184873
349,arraial do cabo,-22.9661,-42.0278,71.56,94,75,17.27,BR,1731184875
350,taoudenni,22.6783,-3.9836,78.31,18,79,12.12,ML,1731184877
351,aykhal,66.0,111.5,5.43,93,100,15.86,RU,1731184879
352,salekhard,66.53,66.6019,11.1,83,86,12.24,RU,1731184881
353,kutum,14.2,24.6667,69.58,27,5,10.65,SD,1731184883
354,flin flon,54.7682,-101.865,46.24,53,75,11.5,CA,1731184885
355,shakawe,-18.3667,21.85,79.72,48,77,4.59,BW,1731184887
356,new norfolk,-42.7826,147.0587,52.72,55,97,5.28,AU,1731184889
357,jalal-abad,40.9333,73.0,42.73,68,89,4.14,KG,1731184891
358,ares,-6.1944,-35.1603,76.32,81,27,6.73,BR,1731184893
359,codrington,-38.2667,141.9667,54.41,77,33,1.9,AU,1731184895
360,susuman,62.7833,148.1667,-33.07,100,97,0.63,RU,1731184897
361,harindanga,22.0383,88.3214,72.48,74,0,5.03,IN,1731184899
362,colon,9.3592,-79.9014,81.36,67,81,8.01,PA,1731184901
363,hovd,48.0056,91.6419,27.54,46,35,8.81,MN,1731184903
364,zliten,32.4674,14.5687,69.8,66,6,6.76,LY,1731184905
365,luanda,-8.8368,13.2343,78.8,78,75,6.91,AO,1731184907
366,magdagachi,53.45,125.8,18.0,94,100,8.14,RU,1731184909
367,tuy hoa,13.0833,109.3,71.92,90,100,2.57,VN,1731184911
368,cidreira,-30.1811,-50.2056,67.69,61,0,8.63,BR,1731184913
369,santa elena de uairen,4.6167,-61.1333,79.5,53,98,3.13,VE,1731184915
370,chateaudun,48.0833,1.3333,56.91,85,100,1.92,FR,1731184917
371,nova vicosa,-17.8919,-39.3719,77.92,85,80,14.32,BR,1731184919
372,bengkulu,-3.8004,102.2655,76.06,90,100,2.42,ID,1731184921
373,bom jardim,-7.7958,-35.5872,75.51,71,63,13.65,BR,1731184923
374,malango,-2.9627,119.9001,64.54,96,80,2.86,ID,1731184925
375,uige,-7.6087,15.0613,67.75,100,97,3.62,AO,1731184927
376,sao vicente,-23.9631,-46.3919,70.99,26,100,4.61,BR,1731184929
377,carbonear,47.7332,-53.2148,41.14,89,100,20.69,CA,1731184931
378,mhamid,29.82,-5.72,76.19,20,100,2.68,MA,1731184932
379,st. paul,44.9444,-93.0933,54.52,66,75,12.66,US,1731184934
380,quellon,-43.1167,-73.6167,55.18,53,47,10.25,CL,1731184936
381,kavieng,-2.5744,150.7967,82.17,78,100,5.97,PG,1731184938
382,puerto baquerizo moreno,-0.9,-89.6,77.99,61,40,12.66,EC,1731184940
383,nova kakhovka,46.7545,33.3486,41.9,83,14,8.63,UA,1731184942
384,akureyri,65.6835,-18.0878,48.13,76,40,8.05,IS,1731184944
385,nabire,-3.3667,135.4833,74.53,92,99,2.91,ID,1731184946
386,svetlyy,54.675,20.1347,38.68,91,59,6.13,RU,1731184948
387,huanggang,23.677,116.9996,70.0,87,58,3.22,CN,1731184950
388,illizi,26.4833,8.4667,67.17,31,0,5.48,DZ,1731184952
389,tezu,27.9167,96.1667,67.26,60,1,3.65,IN,1731184954
390,remire-montjoly,4.9167,-52.2667,86.04,74,20,14.97,GF,1731184956
391,kirillov,59.863,38.3813,38.34,79,62,10.76,RU,1731184958
392,lodja,-3.4833,23.4333,69.84,94,100,3.65,CD,1731184960
393,twon-brass,4.3151,6.2418,80.37,81,83,11.25,NG,1731184962
394,sur,22.5667,59.5289,80.01,64,0,4.7,OM,1731184964
395,chibuto,-24.6867,33.5306,74.16,74,99,11.1,MZ,1731184966
396,astrakhan,46.3497,48.0408,39.07,93,41,4.47,RU,1731184968
397,berbera,10.4396,45.0143,82.69,58,0,8.52,SO,1731184972
398,ojinaga,29.5667,-104.4167,78.57,11,0,0.0,MX,1731184974
399,acajutla,13.5928,-89.8275,83.25,71,97,5.46,SV,1731184976
400,ninghai,29.2892,121.4247,65.12,91,96,7.83,CN,1731184978
401,nieuw amsterdam,5.8833,-55.0833,91.42,58,40,5.75,SR,1731184980
402,extrema,-22.8547,-46.3183,63.54,92,81,4.76,BR,1731184982
403,tsiroanomandidy,-18.7667,46.0333,75.7,68,40,2.37,MG,1731184984
404,tocantins,-10.5,-48.0,76.57,83,81,2.98,BR,1731184986
405,poronaysk,49.2167,143.1167,30.67,77,43,4.16,RU,1731184988
406,ar raqqah,35.95,39.0167,65.98,62,100,11.79,SY,1731184990
407,villa gesell,-37.2639,-56.973,71.33,66,99,16.42,AR,1731184992
408,rikaze,29.25,88.8833,36.66,61,0,2.95,CN,1731184994
409,miyaly,48.8844,53.7836,36.5,85,38,17.94,KZ,1731184995
410,maues,-3.3836,-57.7186,99.88,28,37,4.18,BR,1731184997
411,saguenay,48.4168,-71.0657,36.43,44,20,14.97,CA,1731184999
412,yinchuan,38.4681,106.2731,49.78,54,97,4.14,CN,1731185002
413,westport,41.1415,-73.3579,54.28,27,0,13.8,US,1731185004
414,kayyerkan,69.3786,87.7439,-1.55,97,47,6.78,RU,1731185006
415,ermoupolis,37.4423,24.9425,62.11,56,100,19.57,GR,1731185007
416,prainha,-1.8,-53.48,92.91,32,18,4.85,BR,1731185009
417,navolato,24.7672,-107.6944,87.98,24,0,13.24,MX,1731185011
418,sittwe,20.15,92.9,75.24,81,2,6.87,MM,1731185013
419,dubbo,-32.25,148.6167,60.93,48,98,12.66,AU,1731185015
420,portland,45.5234,-122.6762,56.28,70,100,5.75,US,1731184710
421,mar del plata,-38.0023,-57.5575,77.02,47,0,16.11,AR,1731185019
422,saudarkrokur,65.7461,-19.6394,46.11,85,100,6.64,IS,1731185021
423,akdepe,42.0551,59.3788,41.07,58,0,1.05,TM,1731185024
424,al kharj,24.155,47.3346,72.18,40,7,8.28,SA,1731185026
425,huayacocotla,20.55,-98.4833,67.19,62,34,8.1,MX,1731185028
426,rio verde de mato grosso,-18.9181,-54.8442,87.48,46,12,4.7,BR,1731185030
427,le port,-20.9373,55.2919,76.96,91,66,4.07,RE,1731185032
428,tralee,52.2704,-9.7026,54.55,91,100,4.38,IE,1731185033
429,tobruk,32.0836,23.9764,64.83,66,49,4.07,LY,1731185035
430,lautoka,-17.6167,177.4667,80.46,65,20,4.61,FJ,1731185037
431,trinidad,-14.8333,-64.9,93.18,55,40,3.44,BO,1731185040
432,barra do corda,-5.5,-45.25,91.85,30,37,4.32,BR,1731185042
433,itoman,26.1247,127.6694,79.09,94,40,8.05,JP,1731185044
434,nha trang,12.25,109.1833,75.2,91,100,5.41,VN,1731185046
435,alakurtti,66.9672,30.3491,33.22,81,80,10.65,RU,1731185048
436,villa del totoral,-30.8167,-63.7167,90.18,28,0,15.79,AR,1731185050
437,amahai,-3.3333,128.9167,78.57,84,38,3.87,ID,1731185052
438,skeldon,5.8833,-57.1333,82.99,77,63,8.9,GY,1731185054
439,edson,53.5835,-116.4356,37.54,75,100,5.75,CA,1731185058
440,berezovyy,51.6667,135.7,29.37,67,100,1.21,RU,1731185060
441,el calafate,-50.3408,-72.2768,51.48,51,57,14.65,AR,1731185062
442,buriti dos lopes,-3.175,-41.8669,79.95,70,17,10.18,BR,1731185064
443,east london,-33.0153,27.9116,64.24,80,20,7.31,ZA,1731185066
444,marsh harbour,26.5412,-77.0636,78.03,80,43,15.9,BS,1731185068
445,weiser,44.251,-116.9693,52.32,50,34,2.1,US,1731185044
446,kailua-kona,19.6406,-155.9956,82.56,83,40,6.91,US,1731185072
447,khovd,48.0056,91.6419,27.54,46,35,8.81,MN,1731185074
448,conception bay south,47.4999,-52.9981,41.74,91,100,24.02,CA,1731185076
449,jayrud,33.8074,36.7404,62.4,55,98,7.78,SY,1731185082
450,belyy yar,53.6039,91.3903,26.49,93,0,6.71,RU,1731185084
451,funadhoo,6.15,73.2667,82.27,72,26,3.13,MV,1731185087
452,frontera,26.9333,-101.45,74.32,44,40,8.05,MX,1731185089
453,smithers,54.7804,-127.1743,32.32,86,20,2.3,CA,1731185090
454,puerto san jose,13.9256,-90.8244,89.65,62,75,11.5,GT,1731185092
455,atherton,53.5237,-2.4935,45.28,81,68,1.01,GB,1731185094
456,dalton,34.7698,-84.9702,76.78,58,20,4.61,US,1731185096
457,kantang,7.4054,99.5156,74.93,95,100,5.32,TH,1731185098
458,dakoro,14.5106,6.765,74.01,17,3,10.2,NE,1731185100
459,inirida,3.8653,-67.9239,84.24,73,94,6.15,CO,1731185102
460,carnarvon,-24.8667,113.6333,67.78,76,11,23.26,AU,1731185104
461,wau,7.7029,27.9953,81.75,54,94,1.68,SS,1731185106
462,zhanaozen,43.3,52.8,45.07,80,3,1.45,KZ,1731185108
463,nadvoitsy,63.8667,34.3167,33.06,74,50,14.2,RU,1731185110
464,tuburan,6.6439,122.2736,79.99,80,72,3.76,PH,1731185112
465,rabaul,-4.1967,152.1721,81.03,78,100,5.99,PG,1731185114
466,arkhangel'sk,64.5401,40.5433,37.51,100,100,8.95,RU,1731185116
467,zalingei,12.9096,23.4741,75.69,25,35,8.28,SD,1731185121
468,pyt-yakh,60.7499,72.8582,26.44,95,100,7.61,RU,1731185123
469,caleta de carquin,-11.0925,-77.6267,69.01,75,74,10.54,PE,1731185125
470,diamantina,-18.2494,-43.6003,66.25,84,88,3.44,BR,1731185129
471,lahaina,20.8783,-156.6825,82.02,85,4,8.32,US,1731185131
472,tomatlan,19.9333,-105.25,87.44,55,14,8.55,MX,1731185133
473,malpica,43.3228,-8.8105,62.37,98,100,9.57,ES,1731185135
474,vadso,70.0744,29.7487,35.76,80,75,17.27,NO,1731185137
475,kuzhithurai,8.3167,77.1833,76.44,94,47,4.18,IN,1731185139
476,novaya ladoga,60.1025,32.3019,41.25,90,39,11.27,RU,1731185141
477,porto novo,6.4965,2.6036,84.02,76,100,6.85,BJ,1731185143
478,sao paulo de olivenca,-3.3783,-68.8725,86.13,65,60,3.06,BR,1731185145
479,vi thanh,9.7835,105.4672,75.11,95,44,5.1,VN,1731185147
480,itaituba,-4.2761,-55.9836,91.56,58,20,4.61,BR,1731185149
481,talcahuano,-36.7167,-73.1167,60.48,67,100,8.05,CL,1731185151
482,kampene,-3.6,26.6667,69.21,100,100,3.69,CD,1731185153
483,hun,29.1268,15.9477,63.84,49,31,3.65,LY,1731185155
484,p'ot'i,42.1462,41.672,50.11,69,0,9.53,GE,1731185157
485,strugi-krasnyye,58.2675,29.1114,42.93,92,100,5.28,RU,1731185159
486,al majaridah,19.1236,41.9111,82.4,58,2,1.16,SA,1731185161
487,geraldton,-28.7667,114.6,54.01,87,0,9.22,AU,1731185163
488,kzyltu,53.6364,72.3414,27.19,94,100,21.99,KZ,1731185165
489,al ghayzah,16.2079,52.176,80.19,63,15,6.46,YE,1731185167
490,san fernando de apure,7.8878,-67.4724,86.68,70,100,2.21,VE,1731185169
491,magadan,59.5667,150.8,4.28,68,96,4.85,RU,1731185171
492,namibe,-15.1961,12.1522,70.7,68,96,13.47,AO,1731185173
493,mejit,10.2753,170.8646,83.14,77,87,24.99,MH,1731185175
494,okhotsk,59.3833,143.3,6.67,75,34,9.57,RU,1731185177
495,khanty-mansiysk,61.0042,69.0019,26.71,93,75,4.47,RU,1731185179
496,halifax,44.6453,-63.5724,37.45,72,10,13.0,CA,1731185181
497,fale old settlement,-9.3852,-171.2468,82.6,73,45,5.59,TK,1731185183
498,piotrkow kujawski,52.5511,18.4991,34.18,93,12,7.56,PL,1731185185
499,morehead city,34.7229,-76.726,64.45,66,8,11.01,US,1731185187
500,aripuana,-9.1667,-60.6333,79.0,83,100,1.61,BR,1731185189
501,ghat,24.9647,10.1728,66.2,35,0,5.23,LY,1731185191
502,acarau,-2.8856,-40.12,78.58,79,53,19.08,BR,1731185193
503,the dalles,45.5946,-121.1787,47.8,66,0,0.0,US,1731185195
504,goianesia,-15.3175,-49.1175,70.3,93,85,3.33,BR,1731185197
505,jimeta,9.2833,12.4667,79.93,32,100,2.28,NG,1731185199
506,loen,7.7601,168.2307,83.21,76,74,20.18,MH,1731185201
507,ladnun,27.65,74.3833,73.78,30,0,4.38,IN,1731185202
508,kangding,30.0513,101.9603,44.56,70,24,4.59,CN,1731185204
509,paramonga,-10.6667,-77.8333,67.96,78,69,9.62,PE,1731185206
510,muynoq,43.7683,59.0214,39.52,66,0,8.08,UZ,1731185208
511,sinabang,2.4803,96.3801,77.14,90,100,5.88,ID,1731185212
512,aur,8.1499,171.1687,83.52,76,98,22.06,MH,1731185214
513,sandefjord,59.1312,10.2167,41.27,99,100,6.91,NO,1731185216
514,minas de marcona,-15.2119,-75.1103,63.86,62,100,10.02,PE,1731185218
515,norrtalje,59.758,18.705,41.02,96,1,2.86,SE,1731185220
516,cherlak,54.155,74.8055,26.73,93,100,21.47,RU,1731185222
517,la passe,45.5549,-0.8967,58.89,90,31,3.13,FR,1731185227
518,leshan,29.5623,103.7639,60.13,87,100,2.59,CN,1731185229
519,hilo,19.7297,-155.09,78.1,83,75,11.5,US,1731185000
520,siesta key,27.302,-82.5515,86.05,59,75,9.22,US,1731185233
521,sakaiminato,35.55,133.2333,48.18,100,75,0.0,JP,1731185235
522,iraucuba,-3.7461,-39.7833,84.22,50,19,9.8,BR,1731185237
523,rockland,41.1668,-74.0496,54.1,31,0,5.59,US,1731185239
524,novaya igirma,57.1334,103.9112,16.12,94,47,6.46,RU,1731185241
525,ornskoldsvik,63.2909,18.7153,29.35,100,20,5.75,SE,1731185243
526,kharp,66.8014,65.8081,6.4,89,50,12.3,RU,1731185245
527,paragominas,-2.9667,-47.4833,91.74,29,31,3.85,BR,1731185247
528,tamanrasset,22.785,5.5228,64.31,22,0,4.61,DZ,1731185249
529,suonenjoki,62.6167,27.1333,30.87,93,9,2.68,FI,1731185251
530,lombardia,19.15,-102.0333,86.85,51,21,5.23,MX,1731185253
531,elliot lake,46.3834,-82.6331,41.25,66,76,7.43,CA,1731185255
532,ocampo,21.65,-101.5,76.95,27,12,5.82,MX,1731185257
533,jangaon,17.7167,79.1833,70.43,65,69,6.98,IN,1731185259
534,misratah,32.3754,15.0925,70.48,62,35,3.2,LY,1731185261
535,pacasmayo,-7.4006,-79.5714,68.4,76,99,12.57,PE,1731185263
536,murzuq,25.9155,13.9184,64.0,33,0,7.92,LY,1731185265
537,daru,-9.0763,143.2092,79.63,82,100,11.74,PG,1731185269
538,arauca,7.0847,-70.7591,78.76,83,75,11.5,CO,1731185271
539,takoradi,4.8845,-1.7554,78.71,84,40,8.32,GH,1731185273
540,dadiya,9.6167,11.4333,77.04,32,85,4.16,NG,1731185275
541,aioun,16.6614,-9.6149,82.09,12,0,11.88,MR,1731185279
542,bandarbeyla,9.4942,50.8122,78.73,73,100,16.64,SO,1731185281
543,makarov,48.6333,142.8,34.47,90,93,7.45,RU,1731185283
544,sisimiut,66.9395,-53.6735,23.29,87,100,7.07,GL,1731185285
545,mugia,43.1041,-9.2179,62.91,95,100,10.31,ES,1731185287
546,amga,60.8953,131.9608,-1.93,100,99,1.95,RU,1731185289
547,trebujena,36.8725,-6.2165,65.17,94,0,4.61,ES,1731185291
548,praia da vitoria,38.7333,-27.0667,70.05,83,20,7.36,PT,1731185293
549,oriximina,-1.7656,-55.8661,95.45,34,22,4.43,BR,1731185295
550,crucecita,-28.95,-58.9833,82.62,38,0,9.4,AR,1731185297
551,veraval,20.9,70.3667,81.54,61,49,4.68,IN,1731185299
552,howard springs,-12.497,131.047,76.91,80,16,4.07,AU,1731185301
553,kudahuvadhoo,2.6708,72.8944,82.24,76,88,11.77,MV,1731185303
554,vieux-habitants,16.0589,-61.7659,83.43,76,100,10.96,GP,1731185305
555,gabu,12.2833,-14.2167,77.92,38,0,2.33,GW,1731185307
556,prince rupert,54.3161,-130.3201,44.69,77,40,14.97,CA,1731185309
557,tambura,5.6,27.4667,74.64,77,100,2.59,SS,1731185311
558,zaozersk,69.4005,32.4476,35.15,83,100,20.83,RU,1731185314
559,ploneour-lanvern,47.9,-4.2833,53.92,100,100,3.44,FR,1731185315
560,darwin,-12.4611,130.8418,76.98,88,36,4.61,AU,1731185318
